{
    "total_runtime": 449.33582377433777,
    "num_documents": 1,
    "input_load_time": 0,
    "workflows": {
        "create_base_text_units": {
            "overall": 0.21391510963439941,
            "0_orderby": 0.0019898414611816406,
            "1_zip": 0.001996755599975586,
            "2_aggregate_override": 0.002991199493408203,
            "3_chunk": 0.16843318939208984,
            "4_select": 0.0029888153076171875,
            "5_unroll": 0.0029935836791992188,
            "6_rename": 0.001993417739868164,
            "7_genid": 0.004979133605957031,
            "8_unzip": 0.0029904842376708984,
            "9_copy": 0.0019931793212890625,
            "10_filter": 0.019568681716918945
        },
        "create_base_extracted_entities": {
            "overall": 370.48628306388855,
            "0_entity_extract": 370.348646402359,
            "1_snapshot": 0.025917530059814453,
            "2_merge_graphs": 0.10075902938842773,
            "3_snapshot_rows": 0.007970333099365234
        },
        "create_summarized_entities": {
            "overall": 56.877251625061035,
            "0_summarize_descriptions": 56.86514210700989,
            "1_snapshot_rows": 0.009115219116210938
        },
        "create_base_entity_graph": {
            "overall": 0.3107917308807373,
            "0_cluster_graph": 0.12259531021118164,
            "1_snapshot_rows": 0.007973432540893555,
            "2_embed_graph": 0.16464591026306152,
            "3_snapshot_rows": 0.006976604461669922,
            "4_select": 0.004983186721801758
        },
        "create_final_entities": {
            "overall": 5.018201112747192,
            "0_unpack_graph": 0.04186296463012695,
            "1_rename": 0.0059773921966552734,
            "2_select": 0.0049822330474853516,
            "3_dedupe": 0.004983425140380859,
            "4_rename": 0.005983591079711914,
            "5_filter": 0.023917198181152344,
            "6_text_split": 0.019933223724365234,
            "7_drop": 0.005979776382446289,
            "8_merge": 0.1873767375946045,
            "9_text_embed": 4.678333282470703,
            "10_drop": 0.006977558135986328,
            "11_filter": 0.02790689468383789
        },
        "create_final_nodes": {
            "overall": 0.49932241439819336,
            "0_layout_graph": 0.25771546363830566,
            "1_unpack_graph": 0.05724215507507324,
            "2_unpack_graph": 0.06378626823425293,
            "3_drop": 0.008706092834472656,
            "4_filter": 0.027152538299560547,
            "5_select": 0.006979465484619141,
            "6_snapshot": 0.009963512420654297,
            "7_rename": 0.007973909378051758,
            "8_convert": 0.03189706802368164,
            "9_join": 0.013952970504760742,
            "10_rename": 0.007973194122314453
        },
        "create_final_communities": {
            "overall": 0.2633507251739502,
            "0_unpack_graph": 0.0470733642578125,
            "1_unpack_graph": 0.04684042930603027,
            "2_aggregate_override": 0.009965658187866211,
            "3_join": 0.01398921012878418,
            "4_join": 0.01292109489440918,
            "5_concat": 0.008969783782958984,
            "6_filter": 0.025914430618286133,
            "7_aggregate_override": 0.010963678359985352,
            "8_join": 0.012956380844116211,
            "9_filter": 0.022924423217773438,
            "10_fill": 0.009964942932128906,
            "11_merge": 0.010962486267089844,
            "12_copy": 0.01096343994140625,
            "13_select": 0.011961698532104492
        },
        "join_text_units_to_entity_ids": {
            "overall": 0.047840118408203125,
            "0_select": 0.010963201522827148,
            "1_unroll": 0.012958288192749023,
            "2_aggregate_override": 0.01395273208618164
        },
        "create_final_relationships": {
            "overall": 0.20560741424560547,
            "0_unpack_graph": 0.06079602241516113,
            "1_filter": 0.037064313888549805,
            "2_rename": 0.010776042938232422,
            "3_filter": 0.025916337966918945,
            "4_drop": 0.010960102081298828,
            "5_compute_edge_combined_degree": 0.014030933380126953,
            "6_convert": 0.02313709259033203,
            "7_convert": 0.011962175369262695
        },
        "join_text_units_to_relationship_ids": {
            "overall": 0.060921430587768555,
            "0_select": 0.012084722518920898,
            "1_unroll": 0.011963844299316406,
            "2_aggregate_override": 0.013953447341918945,
            "3_select": 0.01195669174194336
        },
        "create_final_community_reports": {
            "overall": 12.844746112823486,
            "0_prepare_community_reports_nodes": 0.023920536041259766,
            "1_prepare_community_reports_edges": 0.014949560165405273,
            "2_restore_community_hierarchy": 0.013950109481811523,
            "3_prepare_community_reports": 0.03289294242858887,
            "4_create_community_reports": 12.728504180908203,
            "5_window": 0.018565654754638672
        },
        "create_final_text_units": {
            "overall": 0.09966278076171875,
            "0_select": 0.011959075927734375,
            "1_rename": 0.012959480285644531,
            "2_join": 0.014949560165405273,
            "3_join": 0.015946626663208008,
            "4_aggregate_override": 0.015946626663208008,
            "5_select": 0.012953042984008789
        },
        "create_base_documents": {
            "overall": 0.14949584007263184,
            "0_unroll": 0.014950037002563477,
            "1_select": 0.012958765029907227,
            "2_rename": 0.014948129653930664,
            "3_join": 0.015946388244628906,
            "4_aggregate_override": 0.01594686508178711,
            "5_join": 0.016942977905273438,
            "6_rename": 0.01495051383972168,
            "7_convert": 0.029896020889282227
        },
        "create_final_documents": {
            "overall": 0.02973175048828125,
            "0_rename": 0.01577448844909668
        }
    }
}